{"_step":120,"train/learning_rate":5.693377433835244e-13,"train_steps_per_second":0.098,"train/loss":1.429,"train/grad_norm":30.54291656632262,"train/global_step":960,"_runtime":9737.85200712,"train/epoch":3,"_timestamp":1.7486326429343956e+09,"train_runtime":9782.6233,"_wandb":{"runtime":9808},"train_samples_per_second":1.57,"total_flos":2.46376863236096e+14,"train_loss":1.7431280096371968}