{"train_runtime":10042.164,"train_samples_per_second":1.529,"_runtime":9879.425722607,"train/grad_norm":2.8777736818723723,"train_steps_per_second":0.096,"total_flos":2.46646620028928e+14,"train_loss":0.8784919892748196,"_step":120,"_timestamp":1.7486742478683662e+09,"_wandb":{"runtime":9952},"train/loss":0.6782,"train/learning_rate":5.6933774338352444e-12,"train/epoch":3,"train/global_step":960}