{"train/epoch":3,"_timestamp":1.7483242928924267e+09,"train_samples_per_second":3.677,"total_flos":9.50563779005907e+17,"train_runtime":4175.9737,"train/learning_rate":2.282244620088747e-12,"_runtime":4175.196615287,"train/grad_norm":28.32977867126465,"train_steps_per_second":0.115,"train_loss":2.437935101985931,"_wandb":{"runtime":4207},"train/global_step":480,"train/loss":2.1069,"_step":60}