{"train/global_step":960,"_wandb":{"runtime":9786},"train/loss":1.5766,"_step":120,"train_samples_per_second":1.579,"total_flos":2.33679299411968e+14,"train/epoch":3,"train_runtime":9721.051,"train_steps_per_second":0.099,"train/learning_rate":5.693377433835244e-13,"_runtime":9720.157155294,"train_loss":2.0606057902177173,"train/grad_norm":47.10721009710457,"_timestamp":1.7483405131724215e+09}